,country,population,cases,deaths,day
0,MS-Zaandam,,"{'new': None, 'active': 0, 'critical': None, 'recovered': 7, '1M_pop': None, 'total': 9}","{'new': None, '1M_pop': None, 'total': 2}",2024-09-28
1,China,1448471400.0,"{'new': None, 'active': 118977, 'critical': None, 'recovered': 379053, '1M_pop': '347', 'total': 503302}","{'new': None, '1M_pop': '4', 'total': 5272}",2024-09-28
2,Saint-Helena,6115.0,"{'new': None, 'active': 2164, 'critical': None, 'recovered': 2, '1M_pop': '354211', 'total': 2166}","{'new': None, '1M_pop': None, 'total': None}",2024-09-28
3,Falkland-Islands,3539.0,"{'new': None, 'active': 0, 'critical': None, 'recovered': 1930, '1M_pop': '545352', 'total': 1930}","{'new': None, '1M_pop': None, 'total': None}",2024-09-28
4,Montserrat,4965.0,"{'new': None, 'active': 19, 'critical': None, 'recovered': 1376, '1M_pop': '282578', 'total': 1403}","{'new': None, '1M_pop': '1611', 'total': 8}",2024-09-28
5,Diamond-Princess,,"{'new': None, 'active': 0, 'critical': None, 'recovered': 699, '1M_pop': None, 'total': 712}","{'new': None, '1M_pop': None, 'total': 13}",2024-09-28
6,Vatican-City,799.0,"{'new': None, 'active': 0, 'critical': None, 'recovered': 29, '1M_pop': '36295', 'total': 29}","{'new': None, '1M_pop': None, 'total': None}",2024-09-28
7,Western-Sahara,626161.0,"{'new': None, 'active': 0, 'critical': None, 'recovered': 9, '1M_pop': '16', 'total': 10}","{'new': None, '1M_pop': '2', 'total': 1}",2024-09-28
8,Tokelau,1378.0,"{'new': None, 'active': 80, 'critical': None, 'recovered': None, '1M_pop': '58055', 'total': 80}","{'new': None, '1M_pop': None, 'total': None}",2024-09-28
9,Saint-Pierre-Miquelon,5759.0,"{'new': None, 'active': 1001, 'critical': None, 'recovered': 2449, '1M_pop': '599410', 'total': 3452}","{'new': None, '1M_pop': '347', 'total': 2}",2024-09-28
10,Tuvalu,12066.0,"{'new': None, 'active': None, 'critical': None, 'recovered': None, '1M_pop': '243909', 'total': 2943}","{'new': None, '1M_pop': '83', 'total': 1}",2024-09-28
11,Niue,1622.0,"{'new': None, 'active': 3, 'critical': None, 'recovered': 1056, '1M_pop': '652898', 'total': 1059}","{'new': None, '1M_pop': None, 'total': None}",2024-09-28
12,Nauru,10903.0,"{'new': None, 'active': 45, 'critical': None, 'recovered': 5347, '1M_pop': '494635', 'total': 5393}","{'new': None, '1M_pop': '92', 'total': 1}",2024-09-28
13,Wallis-and-Futuna,10982.0,"{'new': None, 'active': 3104, 'critical': None, 'recovered': 438, '1M_pop': '323256', 'total': 3550}","{'new': None, '1M_pop': '728', 'total': 8}",2024-09-28
14,St-Barth,9945.0,"{'new': None, 'active': None, 'critical': None, 'recovered': None, '1M_pop': '553746', 'total': 5507}","{'new': None, '1M_pop': '603', 'total': 6}",2024-09-28
15,Saint-Kitts-and-Nevis,53871.0,"{'new': None, 'active': 0, 'critical': None, 'recovered': 6559, '1M_pop': '122645', 'total': 6607}","{'new': None, '1M_pop': '891', 'total': 48}",2024-09-28
16,Kiribati,123419.0,"{'new': None, 'active': 2358, 'critical': 3, 'recovered': 2703, '1M_pop': '41201', 'total': 5085}","{'new': None, '1M_pop': '194', 'total': 24}",2024-09-28
17,Turks-and-Caicos,39741.0,"{'new': None, 'active': 3, 'critical': 4, 'recovered': 6709, '1M_pop': '169900', 'total': 6752}","{'new': None, '1M_pop': '1007', 'total': 40}",2024-09-28
18,Palau,18233.0,"{'new': None, 'active': 4, 'critical': None, 'recovered': 6276, '1M_pop': '344979', 'total': 6290}","{'new': None, '1M_pop': '548', 'total': 10}",2024-09-28
19,Anguilla,15230.0,"{'new': None, 'active': None, 'critical': None, 'recovered': None, '1M_pop': '256336', 'total': 3904}","{'new': None, '1M_pop': '788', 'total': 12}",2024-09-28
20,Liberia,5305117.0,"{'new': None, 'active': 12, 'critical': 2, 'recovered': 7783, '1M_pop': '1525', 'total': 8090}","{'new': None, '1M_pop': '56', 'total': 295}",2024-09-28
21,Chad,17413580.0,"{'new': None, 'active': 2633, 'critical': None, 'recovered': 4874, '1M_pop': '442', 'total': 7701}","{'new': None, '1M_pop': '11', 'total': 194}",2024-09-28
22,Sierra-Leone,8306436.0,"{'new': None, 'active': None, 'critical': None, 'recovered': None, '1M_pop': '937', 'total': 7779}","{'new': None, '1M_pop': '15', 'total': 126}",2024-09-28
23,British-Virgin-Islands,30596.0,"{'new': None, 'active': None, 'critical': None, 'recovered': None, '1M_pop': '241600', 'total': 7392}","{'new': None, '1M_pop': '2092', 'total': 64}",2024-09-28
24,Cook-Islands,17571.0,"{'new': None, 'active': 51, 'critical': None, 'recovered': 7150, '1M_pop': '409937', 'total': 7203}","{'new': None, '1M_pop': '114', 'total': 2}",2024-09-28
25,Sao-Tome-and-Principe,227679.0,"{'new': None, 'active': 13, 'critical': None, 'recovered': 6685, '1M_pop': '29770', 'total': 6778}","{'new': None, '1M_pop': '351', 'total': 80}",2024-09-28
26,Eritrea,3662244.0,"{'new': None, 'active': 0, 'critical': None, 'recovered': 10086, '1M_pop': '2782', 'total': 10189}","{'new': None, '1M_pop': '28', 'total': 103}",2024-09-28
27,Niger,26083660.0,"{'new': None, 'active': 729, 'critical': 1, 'recovered': 8890, '1M_pop': '381', 'total': 9931}","{'new': None, '1M_pop': '12', 'total': 312}",2024-09-28
28,Caribbean-Netherlands,26647.0,"{'new': '+3', 'active': 1168, 'critical': None, 'recovered': 10476, '1M_pop': '438398', 'total': 11682}","{'new': None, '1M_pop': '1426', 'total': 38}",2024-09-28
29,Comoros,907419.0,"{'new': None, 'active': 9, 'critical': None, 'recovered': 8939, '1M_pop': '10038', 'total': 9109}","{'new': None, '1M_pop': '177', 'total': 161}",2024-09-28
30,Guinea-Bissau,2063367.0,"{'new': None, 'active': 508, 'critical': 6, 'recovered': 8929, '1M_pop': '4659', 'total': 9614}","{'new': None, '1M_pop': '86', 'total': 177}",2024-09-28
31,Sint-Maarten,43966.0,"{'new': None, 'active': 54, 'critical': None, 'recovered': 10905, '1M_pop': '251353', 'total': 11051}","{'new': None, '1M_pop': '2093', 'total': 92}",2024-09-28
32,Yemen,31154867.0,"{'new': None, 'active': 662, 'critical': None, 'recovered': 9124, '1M_pop': '383', 'total': 11945}","{'new': None, '1M_pop': '69', 'total': 2159}",2024-09-28
33,St-Vincent-Grenadines,111551.0,"{'new': None, 'active': 57, 'critical': None, 'recovered': 9493, '1M_pop': '86723', 'total': 9674}","{'new': None, '1M_pop': '1112', 'total': 124}",2024-09-28
34,Antigua-and-Barbuda,99509.0,"{'new': None, 'active': 6, 'critical': None, 'recovered': 8954, '1M_pop': '91509', 'total': 9106}","{'new': None, '1M_pop': '1467', 'total': 146}",2024-09-28
35,Djibouti,1016097.0,"{'new': None, 'active': 74, 'critical': None, 'recovered': 15427, '1M_pop': '15441', 'total': 15690}","{'new': None, '1M_pop': '186', 'total': 189}",2024-09-28
36,Greenland,56973.0,"{'new': None, 'active': 9189, 'critical': 4, 'recovered': 2761, '1M_pop': '210117', 'total': 11971}","{'new': None, '1M_pop': '369', 'total': 21}",2024-09-28
37,Gambia,2558482.0,"{'new': '+28', 'active': 65, 'critical': None, 'recovered': 12189, '1M_pop': '4935', 'total': 12626}","{'new': None, '1M_pop': '145', 'total': 372}",2024-09-28
38,Vanuatu,321832.0,"{'new': None, 'active': 29, 'critical': None, 'recovered': 11976, '1M_pop': '37346', 'total': 12019}","{'new': None, '1M_pop': '44', 'total': 14}",2024-09-28
39,Tonga,107749.0,"{'new': None, 'active': 1299, 'critical': None, 'recovered': 15638, '1M_pop': '157310', 'total': 16950}","{'new': None, '1M_pop': '121', 'total': 13}",2024-09-28
40,Marshall-Islands,60057.0,"{'new': None, 'active': 0, 'critical': None, 'recovered': 16121, '1M_pop': '268711', 'total': 16138}","{'new': None, '1M_pop': '283', 'total': 17}",2024-09-28
41,Dominica,72344.0,"{'new': None, 'active': 0, 'critical': None, 'recovered': 15964, '1M_pop': '221691', 'total': 16038}","{'new': None, '1M_pop': '1023', 'total': 74}",2024-09-28
42,CAR,5016678.0,"{'new': None, 'active': 127, 'critical': 2, 'recovered': 15200, '1M_pop': '3078', 'total': 15440}","{'new': None, '1M_pop': '23', 'total': 113}",2024-09-28
43,Saint-Martin,39730.0,"{'new': None, 'active': None, 'critical': None, 'recovered': None, '1M_pop': '310194', 'total': 12324}","{'new': None, '1M_pop': '1586', 'total': 63}",2024-09-28
44,Nicaragua,6779100.0,"{'new': None, 'active': 14041, 'critical': None, 'recovered': 4225, '1M_pop': '2728', 'total': 18491}","{'new': None, '1M_pop': '33', 'total': 225}",2024-09-28
45,Tajikistan,9957464.0,"{'new': None, 'active': 397, 'critical': None, 'recovered': 17264, '1M_pop': '1786', 'total': 17786}","{'new': None, '1M_pop': '13', 'total': 125}",2024-09-28
46,Equatorial-Guinea,1496662.0,"{'new': '+7', 'active': 139, 'critical': 5, 'recovered': 16907, '1M_pop': '11512', 'total': 17229}","{'new': None, '1M_pop': '122', 'total': 183}",2024-09-28
47,South-Sudan,11618511.0,"{'new': None, 'active': 557, 'critical': 1, 'recovered': 18115, '1M_pop': '1620', 'total': 18819}","{'new': None, '1M_pop': '13', 'total': 147}",2024-09-28
48,Monaco,39783.0,"{'new': None, 'active': None, 'critical': None, 'recovered': None, '1M_pop': '431868', 'total': 17181}","{'new': None, '1M_pop': '1684', 'total': 67}",2024-09-28
49,Samoa,202239.0,"{'new': None, 'active': 15370, 'critical': None, 'recovered': 1605, '1M_pop': '84089', 'total': 17006}","{'new': None, '1M_pop': '153', 'total': 31}",2024-09-28
50,Congo,5797805.0,"{'new': None, 'active': 983, 'critical': None, 'recovered': 24006, '1M_pop': '4377', 'total': 25375}","{'new': None, '1M_pop': '67', 'total': 386}",2024-09-28
51,Bermuda,61939.0,"{'new': '+11', 'active': 10, 'critical': None, 'recovered': 18685, '1M_pop': '304493', 'total': 18860}","{'new': '+2', '1M_pop': '2664', 'total': 165}",2024-09-28
52,Grenada,113475.0,"{'new': '+10', 'active': 97, 'critical': 4, 'recovered': 19358, '1M_pop': '173545', 'total': 19693}","{'new': None, '1M_pop': '2097', 'total': 238}",2024-09-28
53,Timor-Leste,1369429.0,"{'new': None, 'active': 220, 'critical': None, 'recovered': 23102, '1M_pop': '17131', 'total': 23460}","{'new': None, '1M_pop': '101', 'total': 138}",2024-09-28
54,Solomon-Islands,721159.0,"{'new': None, 'active': None, 'critical': None, 'recovered': None, '1M_pop': '35989', 'total': 25954}","{'new': None, '1M_pop': '276', 'total': 199}",2024-09-28
55,Burkina-Faso,22102838.0,"{'new': None, 'active': 118, 'critical': None, 'recovered': 21596, '1M_pop': '1001', 'total': 22114}","{'new': None, '1M_pop': '18', 'total': 400}",2024-09-28
56,Liechtenstein,38387.0,"{'new': None, 'active': None, 'critical': None, 'recovered': None, '1M_pop': '562013', 'total': 21574}","{'new': None, '1M_pop': '2449', 'total': 94}",2024-09-28
57,Gibraltar,33704.0,"{'new': None, 'active': None, 'critical': None, 'recovered': None, '1M_pop': '609720', 'total': 20550}","{'new': None, '1M_pop': '3353', 'total': 113}",2024-09-28
58,Cayman-Islands,67277.0,"{'new': None, 'active': 22882, 'critical': 1, 'recovered': 8553, '1M_pop': '467797', 'total': 31472}","{'new': None, '1M_pop': '550', 'total': 37}",2024-09-28
59,Somalia,16841795.0,"{'new': '+10', 'active': 12791, 'critical': None, 'recovered': 13182, '1M_pop': '1623', 'total': 27334}","{'new': None, '1M_pop': '81', 'total': 1361}",2024-09-28
60,Mali,21473764.0,"{'new': None, 'active': 89, 'critical': None, 'recovered': 32332, '1M_pop': '1544', 'total': 33164}","{'new': None, '1M_pop': '35', 'total': 743}",2024-09-28
61,Saint-Lucia,185113.0,"{'new': None, 'active': 0, 'critical': None, 'recovered': 29805, '1M_pop': '163225', 'total': 30215}","{'new': None, '1M_pop': '2215', 'total': 410}",2024-09-28
62,Benin,12784726.0,"{'new': None, 'active': 26, 'critical': None, 'recovered': 27847, '1M_pop': '2193', 'total': 28036}","{'new': None, '1M_pop': '13', 'total': 163}",2024-09-28
63,Macao,667490.0,"{'new': None, 'active': 24063, 'critical': None, 'recovered': 3487, '1M_pop': '41458', 'total': 27673}","{'new': None, '1M_pop': '184', 'total': 123}",2024-09-28
64,Micronesia,117489.0,"{'new': None, 'active': None, 'critical': None, 'recovered': None, '1M_pop': '225953', 'total': 26547}","{'new': None, '1M_pop': '553', 'total': 65}",2024-09-28
65,San-Marino,34085.0,"{'new': None, 'active': 46, 'critical': None, 'recovered': 26011, '1M_pop': '768226', 'total': 26185}","{'new': None, '1M_pop': '3755', 'total': 128}",2024-09-28
66,Isle-of-Man,85732.0,"{'new': None, 'active': None, 'critical': None, 'recovered': None, '1M_pop': '443335', 'total': 38008}","{'new': None, '1M_pop': '1353', 'total': 116}",2024-09-28
67,Mayotte,286259.0,"{'new': '+19', 'active': None, 'critical': None, 'recovered': None, '1M_pop': '146815', 'total': 42027}","{'new': None, '1M_pop': '657', 'total': 188}",2024-09-28
68,Bahamas,400516.0,"{'new': None, 'active': 874, 'critical': 1, 'recovered': 36366, '1M_pop': '95087', 'total': 38084}","{'new': None, '1M_pop': '2107', 'total': 844}",2024-09-28
69,Mauritius,1274727.0,"{'new': None, 'active': 696, 'critical': None, 'recovered': 41278, '1M_pop': '33752', 'total': 43025}","{'new': None, '1M_pop': '824', 'total': 1051}",2024-09-28
70,Togo,8680837.0,"{'new': None, 'active': 1, 'critical': None, 'recovered': 39281, '1M_pop': '4559', 'total': 39572}","{'new': None, '1M_pop': '33', 'total': 290}",2024-09-28
71,Guinea,13865691.0,"{'new': None, 'active': 347, 'critical': None, 'recovered': 37757, '1M_pop': '2782', 'total': 38572}","{'new': None, '1M_pop': '34', 'total': 468}",2024-09-28
72,Lesotho,2175699.0,"{'new': None, 'active': 9435, 'critical': None, 'recovered': 25980, '1M_pop': '16610', 'total': 36138}","{'new': None, '1M_pop': '332', 'total': 723}",2024-09-28
73,Haiti,11680283.0,"{'new': None, 'active': 73, 'critical': None, 'recovered': 33734, '1M_pop': '2968', 'total': 34667}","{'new': None, '1M_pop': '74', 'total': 860}",2024-09-28
74,Faeroe-Islands,49233.0,"{'new': None, 'active': None, 'critical': None, 'recovered': None, '1M_pop': '703959', 'total': 34658}","{'new': None, '1M_pop': '569', 'total': 28}",2024-09-28
75,Cura&ccedil;ao,165529.0,"{'new': None, 'active': 971, 'critical': 3, 'recovered': 44720, '1M_pop': '277812', 'total': 45986}","{'new': None, '1M_pop': '1782', 'total': 295}",2024-09-28
76,Aruba,107609.0,"{'new': None, 'active': 1494, 'critical': 2, 'recovered': 42438, '1M_pop': '410969', 'total': 44224}","{'new': None, '1M_pop': '2714', 'total': 292}",2024-09-28
77,Sudan,45992020.0,"{'new': None, 'active': 0, 'critical': None, 'recovered': 58947, '1M_pop': '1391', 'total': 63993}","{'new': None, '1M_pop': '110', 'total': 5046}",2024-09-28
78,Mauritania,4901981.0,"{'new': None, 'active': 380, 'critical': None, 'recovered': 62471, '1M_pop': '13025', 'total': 63848}","{'new': None, '1M_pop': '203', 'total': 997}",2024-09-28
79,Bhutan,787941.0,"{'new': None, 'active': 1112, 'critical': None, 'recovered': 61564, '1M_pop': '79571', 'total': 62697}","{'new': None, '1M_pop': '27', 'total': 21}",2024-09-28
80,Syria,19364809.0,"{'new': None, 'active': 0, 'critical': None, 'recovered': 54578, '1M_pop': '2982', 'total': 57743}","{'new': None, '1M_pop': '163', 'total': 3165}",2024-09-28
81,Burundi,12624840.0,"{'new': None, 'active': 1114, 'critical': None, 'recovered': 53569, '1M_pop': '4334', 'total': 54721}","{'new': None, '1M_pop': '3', 'total': 38}",2024-09-28
82,Seychelles,99426.0,"{'new': None, 'active': 0, 'critical': None, 'recovered': 51048, '1M_pop': '515157', 'total': 51220}","{'new': None, '1M_pop': '1730', 'total': 172}",2024-09-28
83,Gabon,2331533.0,"{'new': None, 'active': 70, 'critical': None, 'recovered': 48674, '1M_pop': '21038', 'total': 49051}","{'new': None, '1M_pop': '132', 'total': 307}",2024-09-28
84,Andorra,77463.0,"{'new': None, 'active': None, 'critical': None, 'recovered': None, '1M_pop': '619844', 'total': 48015}","{'new': None, '1M_pop': '2130', 'total': 165}",2024-09-28
85,Papua-New-Guinea,9292169.0,"{'new': None, 'active': 26, 'critical': None, 'recovered': 46168, '1M_pop': '5043', 'total': 46864}","{'new': None, '1M_pop': '72', 'total': 670}",2024-09-28
86,Tanzania,63298550.0,"{'new': None, 'active': None, 'critical': None, 'recovered': None, '1M_pop': '683', 'total': 43223}","{'new': None, '1M_pop': '13', 'total': 846}",2024-09-28
87,French-Guiana,314169.0,"{'new': '+13', 'active': 86367, 'critical': 6, 'recovered': 11254, '1M_pop': '312065', 'total': 98041}","{'new': None, '1M_pop': '1337', 'total': 420}",2024-09-28
88,Fiji,909466.0,"{'new': None, 'active': 1006, 'critical': None, 'recovered': 67226, '1M_pop': '75997', 'total': 69117}","{'new': None, '1M_pop': '973', 'total': 885}",2024-09-28
89,Suriname,596831.0,"{'new': None, 'active': None, 'critical': None, 'recovered': None, '1M_pop': '138378', 'total': 82588}","{'new': None, '1M_pop': '2359', 'total': 1408}",2024-09-28
90,DRC,95240792.0,"{'new': None, 'active': 13381, 'critical': None, 'recovered': 84489, '1M_pop': '1043', 'total': 99338}","{'new': None, '1M_pop': '15', 'total': 1468}",2024-09-28
91,Malawi,20180839.0,"{'new': None, 'active': None, 'critical': None, 'recovered': None, '1M_pop': '4437', 'total': 89535}","{'new': None, '1M_pop': '133', 'total': 2686}",2024-09-28
92,Senegal,17653671.0,"{'new': None, 'active': 58, 'critical': None, 'recovered': 87024, '1M_pop': '5044', 'total': 89053}","{'new': None, '1M_pop': '112', 'total': 1971}",2024-09-28
93,Ivory-Coast,27742298.0,"{'new': None, 'active': 52, 'critical': None, 'recovered': 87497, '1M_pop': '3186', 'total': 88384}","{'new': None, '1M_pop': '30', 'total': 835}",2024-09-28
94,New-Caledonia,290915.0,"{'new': None, 'active': None, 'critical': None, 'recovered': None, '1M_pop': '275214', 'total': 80064}","{'new': None, '1M_pop': '1079', 'total': 314}",2024-09-28
95,French-Polynesia,284164.0,"{'new': None, 'active': None, 'critical': None, 'recovered': None, '1M_pop': '278902', 'total': 79254}","{'new': None, '1M_pop': '2287', 'total': 650}",2024-09-28
96,Eswatini,1184817.0,"{'new': None, 'active': 648, 'critical': None, 'recovered': 73116, '1M_pop': '63462', 'total': 75191}","{'new': None, '1M_pop': '1204', 'total': 1427}",2024-09-28
97,Guyana,794045.0,"{'new': None, 'active': 824, 'critical': None, 'recovered': 72013, '1M_pop': '93366', 'total': 74137}","{'new': None, '1M_pop': '1637', 'total': 1300}",2024-09-28
98,Belize,412190.0,"{'new': None, 'active': None, 'critical': None, 'recovered': None, '1M_pop': '173243', 'total': 71409}","{'new': None, '1M_pop': '1669', 'total': 688}",2024-09-28
99,Madagascar,29178077.0,"{'new': None, 'active': 198, 'critical': None, 'recovered': 66862, '1M_pop': '2347', 'total': 68486}","{'new': None, '1M_pop': '49', 'total': 1426}",2024-09-28
100,Cabo-Verde,567678.0,"{'new': None, 'active': 305, 'critical': 23, 'recovered': 63755, '1M_pop': '113580', 'total': 64477}","{'new': None, '1M_pop': '735', 'total': 417}",2024-09-28
101,Channel-Islands,176463.0,"{'new': '+91', 'active': 168, 'critical': None, 'recovered': 101321, '1M_pop': '576421', 'total': 101717}","{'new': None, '1M_pop': '1292', 'total': 228}",2024-09-28
102,Trinidad-and-Tobago,1406585.0,"{'new': None, 'active': 28, 'critical': None, 'recovered': 187078, '1M_pop': '136143', 'total': 191496}","{'new': None, '1M_pop': '3121', 'total': 4390}",2024-09-28
103,Maldives,540985.0,"{'new': None, 'active': 22691, 'critical': 25, 'recovered': 163687, '1M_pop': '345100', 'total': 186694}","{'new': None, '1M_pop': '584', 'total': 316}",2024-09-28
104,Namibia,2633874.0,"{'new': None, 'active': 1184, 'critical': None, 'recovered': 167099, '1M_pop': '65451', 'total': 172389}","{'new': None, '1M_pop': '1559', 'total': 4106}",2024-09-28
105,Uganda,48432863.0,"{'new': None, 'active': 68086, 'critical': None, 'recovered': 100431, '1M_pop': '3554', 'total': 172149}","{'new': None, '1M_pop': '75', 'total': 3632}",2024-09-28
106,Ghana,32395450.0,"{'new': None, 'active': 2, 'critical': None, 'recovered': 170425, '1M_pop': '5306', 'total': 171889}","{'new': None, '1M_pop': '45', 'total': 1462}",2024-09-28
107,Jamaica,2985094.0,"{'new': None, 'active': None, 'critical': None, 'recovered': None, '1M_pop': '52551', 'total': 156869}","{'new': None, '1M_pop': '1258', 'total': 3756}",2024-09-28
108,Cambodia,17168639.0,"{'new': None, 'active': 3, 'critical': None, 'recovered': 136044, '1M_pop': '8102', 'total': 139103}","{'new': None, '1M_pop': '178', 'total': 3056}",2024-09-28
109,Rwanda,13600464.0,"{'new': None, 'active': 11, 'critical': None, 'recovered': 132039, '1M_pop': '9817', 'total': 133518}","{'new': None, '1M_pop': '108', 'total': 1468}",2024-09-28
110,Cameroon,27911548.0,"{'new': None, 'active': 125, 'critical': None, 'recovered': 123280, '1M_pop': '4492', 'total': 125379}","{'new': None, '1M_pop': '71', 'total': 1974}",2024-09-28
111,Malta,444033.0,"{'new': None, 'active': 386, 'critical': None, 'recovered': 120149, '1M_pop': '273448', 'total': 121420}","{'new': None, '1M_pop': '1993', 'total': 885}",2024-09-28
112,Barbados,288023.0,"{'new': None, 'active': 1283, 'critical': None, 'recovered': 108647, '1M_pop': '383921', 'total': 110578}","{'new': None, '1M_pop': '2250', 'total': 648}",2024-09-28
113,Angola,35027343.0,"{'new': None, 'active': 1971, 'critical': None, 'recovered': 103419, '1M_pop': '3064', 'total': 107327}","{'new': None, '1M_pop': '55', 'total': 1937}",2024-09-28
114,Uzbekistan,34382084.0,"{'new': '+136', 'active': 10539, 'critical': 23, 'recovered': 241486, '1M_pop': '7378', 'total': 253662}","{'new': None, '1M_pop': '48', 'total': 1637}",2024-09-28
115,Kyrgyzstan,6728271.0,"{'new': '+7', 'active': 7500, 'critical': 131, 'recovered': 196406, '1M_pop': '30750', 'total': 206897}","{'new': None, '1M_pop': '445', 'total': 2991}",2024-09-28
116,Montenegro,627950.0,"{'new': None, 'active': 1902, 'critical': None, 'recovered': 291794, '1M_pop': '472238', 'total': 296542}","{'new': None, '1M_pop': '4532', 'total': 2846}",2024-09-28
117,Algeria,45350148.0,"{'new': None, 'active': 82068, 'critical': None, 'recovered': 183061, '1M_pop': '5998', 'total': 272010}","{'new': None, '1M_pop': '152', 'total': 6881}",2024-09-28
118,Nigeria,216746934.0,"{'new': None, 'active': 4080, 'critical': 11, 'recovered': 259953, '1M_pop': '1233', 'total': 267188}","{'new': None, '1M_pop': '15', 'total': 3155}",2024-09-28
119,Zimbabwe,15331428.0,"{'new': None, 'active': 1731, 'critical': 12, 'recovered': 258888, '1M_pop': '17373', 'total': 266359}","{'new': None, '1M_pop': '374', 'total': 5740}",2024-09-28
120,Afghanistan,40754388.0,"{'new': None, 'active': 15098, 'critical': None, 'recovered': 211080, '1M_pop': '5746', 'total': 234174}","{'new': None, '1M_pop': '196', 'total': 7996}",2024-09-28
121,Mozambique,33089461.0,"{'new': None, 'active': 2676, 'critical': 11, 'recovered': 228805, '1M_pop': '7064', 'total': 233731}","{'new': None, '1M_pop': '68', 'total': 2250}",2024-09-28
122,Martinique,374087.0,"{'new': None, 'active': None, 'critical': None, 'recovered': None, '1M_pop': '615777', 'total': 230354}","{'new': None, '1M_pop': '2946', 'total': 1102}",2024-09-28
123,Laos,7481023.0,"{'new': None, 'active': None, 'critical': None, 'recovered': None, '1M_pop': '29270', 'total': 218970}","{'new': None, '1M_pop': '101', 'total': 758}",2024-09-28
124,Iceland,345393.0,"{'new': None, 'active': None, 'critical': None, 'recovered': None, '1M_pop': '607731', 'total': 209906}","{'new': None, '1M_pop': '663', 'total': 229}",2024-09-28
125,Guadeloupe,399794.0,"{'new': None, 'active': None, 'critical': None, 'recovered': None, '1M_pop': '508349', 'total': 203235}","{'new': None, '1M_pop': '2554', 'total': 1021}",2024-09-28
126,El-Salvador,6550389.0,"{'new': None, 'active': 18215, 'critical': None, 'recovered': 179410, '1M_pop': '30816', 'total': 201855}","{'new': None, '1M_pop': '646', 'total': 4230}",2024-09-28
127,Ethiopia,120812698.0,"{'new': None, 'active': 5412, 'critical': None, 'recovered': 488171, '1M_pop': '4148', 'total': 501157}","{'new': None, '1M_pop': '63', 'total': 7574}",2024-09-28
128,R&eacute;union,908061.0,"{'new': None, 'active': None, 'critical': None, 'recovered': None, '1M_pop': '544672', 'total': 494595}","{'new': None, '1M_pop': '1014', 'total': 921}",2024-09-28
129,Honduras,10221247.0,"{'new': None, 'active': None, 'critical': None, 'recovered': None, '1M_pop': '46432', 'total': 474590}","{'new': None, '1M_pop': '1092', 'total': 11165}",2024-09-28
130,Armenia,2971966.0,"{'new': None, 'active': 7892, 'critical': None, 'recovered': 435162, '1M_pop': '152031', 'total': 451831}","{'new': None, '1M_pop': '2953', 'total': 8777}",2024-09-28
131,Bosnia-and-Herzegovina,3249317.0,"{'new': None, 'active': 8143, 'critical': None, 'recovered': 379084, '1M_pop': '124215', 'total': 403615}","{'new': None, '1M_pop': '5044', 'total': 16388}",2024-09-28
132,Oman,5323993.0,"{'new': None, 'active': None, 'critical': None, 'recovered': None, '1M_pop': '75028', 'total': 399449}","{'new': None, '1M_pop': '869', 'total': 4628}",2024-09-28
133,Luxembourg,642371.0,"{'new': None, 'active': None, 'critical': None, 'recovered': None, '1M_pop': '609044', 'total': 391232}","{'new': None, '1M_pop': '1918', 'total': 1232}",2024-09-28
134,North-Macedonia,2081304.0,"{'new': None, 'active': 3523, 'critical': None, 'recovered': 337068, '1M_pop': '168436', 'total': 350567}","{'new': None, '1M_pop': '4793', 'total': 9976}",2024-09-28
135,Zambia,19470234.0,"{'new': None, 'active': 3919, 'critical': None, 'recovered': 341316, '1M_pop': '17940', 'total': 349304}","{'new': None, '1M_pop': '209', 'total': 4069}",2024-09-28
136,Kenya,56215221.0,"{'new': None, 'active': 1132, 'critical': None, 'recovered': 337309, '1M_pop': '6122', 'total': 344130}","{'new': None, '1M_pop': '101', 'total': 5689}",2024-09-28
137,Brunei,445431.0,"{'new': None, 'active': 99893, 'critical': 3, 'recovered': 243601, '1M_pop': '771655', 'total': 343719}","{'new': None, '1M_pop': '505', 'total': 225}",2024-09-28
138,Albania,2866374.0,"{'new': None, 'active': 1025, 'critical': None, 'recovered': 330233, '1M_pop': '116825', 'total': 334863}","{'new': None, '1M_pop': '1258', 'total': 3605}",2024-09-28
139,Botswana,2441162.0,"{'new': None, 'active': 788, 'critical': 1, 'recovered': 327049, '1M_pop': '135443', 'total': 330638}","{'new': None, '1M_pop': '1147', 'total': 2801}",2024-09-28
140,Venezuela,29266991.0,"{'new': '+10', 'active': 302, 'critical': 31, 'recovered': 546537, '1M_pop': '18885', 'total': 552695}","{'new': None, '1M_pop': '200', 'total': 5856}",2024-09-28
141,Egypt,106156692.0,"{'new': None, 'active': 49228, 'critical': 122, 'recovered': 442182, '1M_pop': '4861', 'total': 516023}","{'new': None, '1M_pop': '232', 'total': 24613}",2024-09-28
142,Qatar,2979915.0,"{'new': '+28', 'active': 147, 'critical': 16, 'recovered': 513687, '1M_pop': '172664', 'total': 514524}","{'new': None, '1M_pop': '232', 'total': 690}",2024-09-28
143,Bahrain,1783983.0,"{'new': None, 'active': 60, 'critical': None, 'recovered': 727915, '1M_pop': '408944', 'total': 729549}","{'new': None, '1M_pop': '882', 'total': 1574}",2024-09-28
144,Cyprus,1223387.0,"{'new': None, 'active': 0, 'critical': None, 'recovered': 679745, '1M_pop': '556741', 'total': 681110}","{'new': None, '1M_pop': '1116', 'total': 1365}",2024-09-28
145,Dominican-Republic,11056370.0,"{'new': None, 'active': 190, 'critical': 4, 'recovered': 671316, '1M_pop': '61131', 'total': 675890}","{'new': None, '1M_pop': '397', 'total': 4384}",2024-09-28
146,Sri-Lanka,21575842.0,"{'new': None, 'active': 5, 'critical': None, 'recovered': 655852, '1M_pop': '31181', 'total': 672754}","{'new': None, '1M_pop': '783', 'total': 16897}",2024-09-28
147,Kuwait,4380326.0,"{'new': None, 'active': None, 'critical': None, 'recovered': None, '1M_pop': '152308', 'total': 667158}","{'new': None, '1M_pop': '587', 'total': 2570}",2024-09-28
148,Myanmar,55227143.0,"{'new': None, 'active': 2219, 'critical': None, 'recovered': 620159, '1M_pop': '11622', 'total': 641873}","{'new': None, '1M_pop': '353', 'total': 19495}",2024-09-28
149,Moldova,4013171.0,"{'new': None, 'active': None, 'critical': None, 'recovered': None, '1M_pop': '158265', 'total': 635145}","{'new': None, '1M_pop': '3044', 'total': 12218}",2024-09-28
150,Estonia,1321910.0,"{'new': None, 'active': None, 'critical': None, 'recovered': None, '1M_pop': '475123', 'total': 628070}","{'new': None, '1M_pop': '2270', 'total': 3001}",2024-09-28
151,Palestine,5345541.0,"{'new': None, 'active': 159, 'critical': None, 'recovered': 615445, '1M_pop': '116173', 'total': 621008}","{'new': None, '1M_pop': '1011', 'total': 5404}",2024-09-28
152,Libya,7040745.0,"{'new': None, 'active': 2, 'critical': None, 'recovered': 500835, '1M_pop': '72048', 'total': 507274}","{'new': None, '1M_pop': '914', 'total': 6437}",2024-09-28
153,Belarus,9432800.0,"{'new': None, 'active': 1327, 'critical': None, 'recovered': 985592, '1M_pop': '105381', 'total': 994037}","{'new': None, '1M_pop': '755', 'total': 7118}",2024-09-28
154,Tunisia,12046656.0,"{'new': None, 'active': None, 'critical': None, 'recovered': None, '1M_pop': '95741', 'total': 1153361}","{'new': None, '1M_pop': '2442', 'total': 29423}",2024-09-28
155,Cuba,11305652.0,"{'new': None, 'active': 61, 'critical': None, 'recovered': 1106660, '1M_pop': '98645', 'total': 1115251}","{'new': None, '1M_pop': '754', 'total': 8530}",2024-09-28
156,Ecuador,18113361.0,"{'new': None, 'active': 0, 'critical': None, 'recovered': 1034145, '1M_pop': '59083', 'total': 1070188}","{'new': None, '1M_pop': '1990', 'total': 36043}",2024-09-28
157,UAE,10081785.0,"{'new': None, 'active': None, 'critical': None, 'recovered': None, '1M_pop': '105837', 'total': 1067030}","{'new': None, '1M_pop': '233', 'total': 2349}",2024-09-28
158,Panama,4446964.0,"{'new': None, 'active': 64, 'critical': 16, 'recovered': 1051102, '1M_pop': '238341', 'total': 1059893}","{'new': None, '1M_pop': '1962', 'total': 8727}",2024-09-28
159,Uruguay,3496016.0,"{'new': None, 'active': 2503, 'critical': 18, 'recovered': 1030944, '1M_pop': '297799', 'total': 1041111}","{'new': None, '1M_pop': '2192', 'total': 7664}",2024-09-28
160,Mongolia,3378078.0,"{'new': None, 'active': 0, 'critical': None, 'recovered': 1009212, '1M_pop': '299429', 'total': 1011496}","{'new': None, '1M_pop': '676', 'total': 2284}",2024-09-28
161,Nepal,30225582.0,"{'new': None, 'active': 97, 'critical': None, 'recovered': 991322, '1M_pop': '33199', 'total': 1003450}","{'new': None, '1M_pop': '398', 'total': 12031}",2024-09-28
162,Latvia,1848837.0,"{'new': None, 'active': 4384, 'critical': None, 'recovered': 971406, '1M_pop': '531418', 'total': 982505}","{'new': None, '1M_pop': '3632', 'total': 6715}",2024-09-28
163,Saudi-Arabia,35844909.0,"{'new': None, 'active': None, 'critical': None, 'recovered': None, '1M_pop': '23475', 'total': 841469}","{'new': None, '1M_pop': '269', 'total': 9646}",2024-09-28
164,Paraguay,7305843.0,"{'new': None, 'active': None, 'critical': None, 'recovered': None, '1M_pop': '114648', 'total': 837602}","{'new': None, '1M_pop': '2759', 'total': 20155}",2024-09-28
165,Azerbaijan,10300205.0,"{'new': None, 'active': 745, 'critical': None, 'recovered': 824089, '1M_pop': '81089', 'total': 835234}","{'new': None, '1M_pop': '1010', 'total': 10400}",2024-09-28
166,Kazakhstan,19205043.0,"{'new': '+63', 'active': 14963, 'critical': 24, 'recovered': 1383020, '1M_pop': '73514', 'total': 1411831}","{'new': None, '1M_pop': '721', 'total': 13848}",2024-09-28
167,Pakistan,229488994.0,"{'new': None, 'active': 12583, 'critical': None, 'recovered': 1538689, '1M_pop': '6893', 'total': 1581936}","{'new': None, '1M_pop': '134', 'total': 30664}",2024-09-28
168,Finland,5554960.0,"{'new': None, 'active': 170, 'critical': None, 'recovered': 1503989, '1M_pop': '272930', 'total': 1516117}","{'new': None, '1M_pop': '2153', 'total': 11958}",2024-09-28
169,Norway,5511370.0,"{'new': None, 'active': 0, 'critical': None, 'recovered': 1503094, '1M_pop': '273930', 'total': 1509732}","{'new': None, '1M_pop': '1204', 'total': 6638}",2024-09-28
170,Lithuania,2661708.0,"{'new': None, 'active': 431, 'critical': None, 'recovered': 1387478, '1M_pop': '525154', 'total': 1397806}","{'new': None, '1M_pop': '3718', 'total': 9897}",2024-09-28
171,Slovenia,2078034.0,"{'new': None, 'active': 22, 'critical': None, 'recovered': 1349424, '1M_pop': '652803', 'total': 1356546}","{'new': None, '1M_pop': '3417', 'total': 7100}",2024-09-28
172,Bulgaria,6844597.0,"{'new': None, 'active': 8159, 'critical': 22, 'recovered': 1292944, '1M_pop': '195753', 'total': 1339851}","{'new': None, '1M_pop': '5661', 'total': 38748}",2024-09-28
173,Croatia,4059286.0,"{'new': None, 'active': 32609, 'critical': None, 'recovered': 1258432, '1M_pop': '322650', 'total': 1309728}","{'new': None, '1M_pop': '4604', 'total': 18687}",2024-09-28
174,Guatemala,18584039.0,"{'new': None, 'active': 1113, 'critical': 5, 'recovered': 1269891, '1M_pop': '69484', 'total': 1291293}","{'new': None, '1M_pop': '1092', 'total': 20289}",2024-09-28
175,Morocco,37772756.0,"{'new': None, 'active': None, 'critical': None, 'recovered': None, '1M_pop': '33860', 'total': 1278992}","{'new': None, '1M_pop': '432', 'total': 16303}",2024-09-28
176,Lebanon,6684849.0,"{'new': None, 'active': 145299, 'critical': 74, 'recovered': 1087587, '1M_pop': '186068', 'total': 1243838}","{'new': None, '1M_pop': '1638', 'total': 10952}",2024-09-28
177,Costa-Rica,5182354.0,"{'new': None, 'active': None, 'critical': None, 'recovered': None, '1M_pop': '239058', 'total': 1238883}","{'new': None, '1M_pop': '1819', 'total': 9428}",2024-09-28
178,Bolivia,11992656.0,"{'new': None, 'active': 12579, 'critical': 220, 'recovered': 1177145, '1M_pop': '101073', 'total': 1212131}","{'new': None, '1M_pop': '1868', 'total': 22407}",2024-09-28
179,Jordan,10300869.0,"{'new': None, 'active': 1868, 'critical': 59, 'recovered': 1731007, '1M_pop': '169597', 'total': 1746997}","{'new': None, '1M_pop': '1371', 'total': 14122}",2024-09-28
180,Denmark,5834950.0,"{'new': None, 'active': 0, 'critical': None, 'recovered': 3174942, '1M_pop': '545636', 'total': 3183756}","{'new': None, '1M_pop': '1511', 'total': 8814}",2024-09-28
181,Singapore,5943546.0,"{'new': None, 'active': 0, 'critical': 4, 'recovered': 3004131, '1M_pop': '505785', 'total': 3006155}","{'new': None, '1M_pop': '341', 'total': 2024}",2024-09-28
182,Hong-Kong,7604299.0,"{'new': None, 'active': 6680, 'critical': None, 'recovered': 2916005, '1M_pop': '386309', 'total': 2937609}","{'new': None, '1M_pop': '1963', 'total': 14924}",2024-09-28
183,Sweden,10218971.0,"{'new': None, 'active': 230, 'critical': None, 'recovered': 2726492, '1M_pop': '269511', 'total': 2754129}","{'new': None, '1M_pop': '2682', 'total': 27407}",2024-09-28
184,New-Zealand,4898203.0,"{'new': None, 'active': 1623, 'critical': None, 'recovered': 2613791, '1M_pop': '535117', 'total': 2621111}","{'new': None, '1M_pop': '1163', 'total': 5697}",2024-09-28
185,Serbia,8653016.0,"{'new': None, 'active': 389, 'critical': None, 'recovered': 2596608, '1M_pop': '302213', 'total': 2615054}","{'new': None, '1M_pop': '2087', 'total': 18057}",2024-09-28
186,Iraq,42164965.0,"{'new': None, 'active': 673, 'critical': None, 'recovered': 2439497, '1M_pop': '58474', 'total': 2465545}","{'new': None, '1M_pop': '602', 'total': 25375}",2024-09-28
187,Hungary,9606259.0,"{'new': None, 'active': 29029, 'critical': None, 'recovered': 2152155, '1M_pop': '232164', 'total': 2230232}","{'new': None, '1M_pop': '5106', 'total': 49048}",2024-09-28
188,Bangladesh,167885689.0,"{'new': None, 'active': None, 'critical': None, 'recovered': None, '1M_pop': '12207', 'total': 2049377}","{'new': None, '1M_pop': '176', 'total': 29493}",2024-09-28
189,Slovakia,5460193.0,"{'new': None, 'active': 0, 'critical': 23, 'recovered': 1856381, '1M_pop': '343872', 'total': 1877605}","{'new': None, '1M_pop': '3887', 'total': 21224}",2024-09-28
190,Georgia,3968738.0,"{'new': None, 'active': None, 'critical': None, 'recovered': None, '1M_pop': '469082', 'total': 1861665}","{'new': None, '1M_pop': '4317', 'total': 17132}",2024-09-28
191,Ireland,5020199.0,"{'new': None, 'active': 170, 'critical': 19, 'recovered': 1724921, '1M_pop': '345521', 'total': 1734582}","{'new': None, '1M_pop': '1891', 'total': 9491}",2024-09-28
192,DPRK,25990679.0,"{'new': None, 'active': 0, 'critical': None, 'recovered': 4772739, '1M_pop': '183636', 'total': 4772813}","{'new': None, '1M_pop': '3', 'total': 74}",2024-09-28
193,South-Africa,60756135.0,"{'new': '+614', 'active': 61362, 'critical': 192, 'recovered': 3912506, '1M_pop': '67095', 'total': 4076463}","{'new': None, '1M_pop': '1689', 'total': 102595}",2024-09-28
194,Chile,19250195.0,"{'new': None, 'active': 67906, 'critical': 7, 'recovered': 5252450, '1M_pop': '279730', 'total': 5384853}","{'new': None, '1M_pop': '3350', 'total': 64497}",2024-09-28
195,Malaysia,33181072.0,"{'new': None, 'active': 7790, 'critical': 11, 'recovered': 5233268, '1M_pop': '159079', 'total': 5278406}","{'new': None, '1M_pop': '1126', 'total': 37348}",2024-09-28
196,Canada,38388419.0,"{'new': None, 'active': 5744, 'critical': 99, 'recovered': 4881312, '1M_pop': '128843', 'total': 4946090}","{'new': None, '1M_pop': '1538', 'total': 59034}",2024-09-28
197,Belgium,11668278.0,"{'new': None, 'active': 521, 'critical': None, 'recovered': 4826798, '1M_pop': '416659', 'total': 4861695}","{'new': None, '1M_pop': '2946', 'total': 34376}",2024-09-28
198,Israel,9326000.0,"{'new': None, 'active': 30592, 'critical': None, 'recovered': 4798473, '1M_pop': '519169', 'total': 4841772}","{'new': None, '1M_pop': '1363', 'total': 12707}",2024-09-28
199,Thailand,70078203.0,"{'new': None, 'active': 42927, 'critical': None, 'recovered': 4692636, '1M_pop': '68069', 'total': 4770149}","{'new': None, '1M_pop': '494', 'total': 34586}",2024-09-28
200,Czechia,10736784.0,"{'new': None, 'active': 318, 'critical': 2, 'recovered': 4715206, '1M_pop': '443246', 'total': 4759041}","{'new': None, '1M_pop': '4053', 'total': 43517}",2024-09-28
201,Peru,33684208.0,"{'new': None, 'active': 0, 'critical': 4, 'recovered': 4350506, '1M_pop': '135751', 'total': 4572667}","{'new': None, '1M_pop': '6595', 'total': 222161}",2024-09-28
202,Switzerland,8773637.0,"{'new': None, 'active': 292, 'critical': None, 'recovered': 4438309, '1M_pop': '507549', 'total': 4453053}","{'new': None, '1M_pop': '1647', 'total': 14452}",2024-09-28
203,Philippines,112508994.0,"{'new': None, 'active': 6138, 'critical': None, 'recovered': 4067381, '1M_pop': '36800', 'total': 4140383}","{'new': None, '1M_pop': '594', 'total': 66864}",2024-09-28
204,Romania,19031335.0,"{'new': None, 'active': 657, 'critical': 21, 'recovered': 3460149, '1M_pop': '185470', 'total': 3529735}","{'new': None, '1M_pop': '3622', 'total': 68929}",2024-09-28
205,Ukraine,43192122.0,"{'new': None, 'active': 0, 'critical': None, 'recovered': 5445577, '1M_pop': '128681', 'total': 5557995}","{'new': None, '1M_pop': '2603', 'total': 112418}",2024-09-28
206,Vietnam,98953541.0,"{'new': None, 'active': 941018, 'critical': None, 'recovered': 10640971, '1M_pop': '117481', 'total': 11625195}","{'new': None, '1M_pop': '437', 'total': 43206}",2024-09-28
207,Taiwan,23888595.0,"{'new': None, 'active': 0, 'critical': None, 'recovered': 10222518, '1M_pop': '428720', 'total': 10241523}","{'new': None, '1M_pop': '796', 'total': 19005}",2024-09-28
208,Argentina,46010234.0,"{'new': None, 'active': 746, 'critical': None, 'recovered': 9997258, '1M_pop': '220143', 'total': 10128845}","{'new': None, '1M_pop': '2844', 'total': 130841}",2024-09-28
209,Netherlands,17211447.0,"{'new': None, 'active': 195, 'critical': None, 'recovered': 8612599, '1M_pop': '501747', 'total': 8635786}","{'new': None, '1M_pop': '1336', 'total': 22992}",2024-09-28
210,Mexico,131562772.0,"{'new': None, 'active': 467986, 'critical': None, 'recovered': 6899865, '1M_pop': '58549', 'total': 7702809}","{'new': None, '1M_pop': '2546', 'total': 334958}",2024-09-28
211,Iran,86022837.0,"{'new': None, 'active': None, 'critical': None, 'recovered': None, '1M_pop': '88665', 'total': 7627186}","{'new': None, '1M_pop': '1707', 'total': 146811}",2024-09-28
212,Indonesia,279134505.0,"{'new': None, 'active': 20054, 'critical': None, 'recovered': 6647104, '1M_pop': '24466', 'total': 6829221}","{'new': None, '1M_pop': '581', 'total': 162063}",2024-09-28
213,Poland,37739785.0,"{'new': None, 'active': None, 'critical': None, 'recovered': None, '1M_pop': '176524', 'total': 6661991}","{'new': None, '1M_pop': '3196', 'total': 120598}",2024-09-28
214,Colombia,51512762.0,"{'new': None, 'active': 44821, 'critical': 342, 'recovered': 6212152, '1M_pop': '124244', 'total': 6400173}","{'new': None, '1M_pop': '2780', 'total': 143200}",2024-09-28
215,Greece,10316637.0,"{'new': None, 'active': None, 'critical': None, 'recovered': None, '1M_pop': '591412', 'total': 6101379}","{'new': None, '1M_pop': '3671', 'total': 37869}",2024-09-28
216,Austria,9066710.0,"{'new': None, 'active': 3811, 'critical': None, 'recovered': 6054934, '1M_pop': '670727', 'total': 6081287}","{'new': None, '1M_pop': '2486', 'total': 22542}",2024-09-28
217,Portugal,10140570.0,"{'new': None, 'active': 127, 'critical': 61, 'recovered': 5614809, '1M_pop': '556484', 'total': 5643062}","{'new': None, '1M_pop': '2774', 'total': 28126}",2024-09-28
218,Spain,46719142.0,"{'new': '+702', 'active': 30634, 'critical': 231, 'recovered': 13762417, '1M_pop': '297840', 'total': 13914811}","{'new': '+8', '1M_pop': '2606', 'total': 121760}",2024-09-28
219,USA,334805269.0,"{'new': None, 'active': 786167, 'critical': 940, 'recovered': 109814428, '1M_pop': '333985', 'total': 111820082}","{'new': None, '1M_pop': '3642', 'total': 1219487}",2024-09-28
220,India,1406631776.0,"{'new': None, 'active': None, 'critical': None, 'recovered': None, '1M_pop': '32016', 'total': 45035393}","{'new': None, '1M_pop': '379', 'total': 533570}",2024-09-28
221,France,65584518.0,"{'new': None, 'active': 0, 'critical': None, 'recovered': 39970918, '1M_pop': '612013', 'total': 40138560}","{'new': None, '1M_pop': '2556', 'total': 167642}",2024-09-28
222,Germany,83883596.0,"{'new': None, 'active': 405368, 'critical': None, 'recovered': 38240600, '1M_pop': '462891', 'total': 38828995}","{'new': None, '1M_pop': '2182', 'total': 183027}",2024-09-28
223,Brazil,215353593.0,"{'new': None, 'active': 1783377, 'critical': None, 'recovered': 36249161, '1M_pop': '179908', 'total': 38743918}","{'new': None, '1M_pop': '3303', 'total': 711380}",2024-09-28
224,S-Korea,51329899.0,"{'new': None, 'active': 0, 'critical': None, 'recovered': 34535939, '1M_pop': '673523', 'total': 34571873}","{'new': None, '1M_pop': '700', 'total': 35934}",2024-09-28
225,Japan,125584838.0,"{'new': None, 'active': None, 'critical': None, 'recovered': None, '1M_pop': '269169', 'total': 33803572}","{'new': None, '1M_pop': '595', 'total': 74694}",2024-09-28
226,Italy,60262770.0,"{'new': None, 'active': 165544, 'critical': 22, 'recovered': 26361218, '1M_pop': '443445', 'total': 26723249}","{'new': None, '1M_pop': '3261', 'total': 196487}",2024-09-28
227,UK,68497907.0,"{'new': None, 'active': 0, 'critical': None, 'recovered': 24678275, '1M_pop': '363666', 'total': 24910387}","{'new': None, '1M_pop': '3389', 'total': 232112}",2024-09-28
228,Russia,145805947.0,"{'new': None, 'active': 175641, 'critical': None, 'recovered': 23545818, '1M_pop': '165454', 'total': 24124215}","{'new': None, '1M_pop': '2762', 'total': 402756}",2024-09-28
229,Turkey,85561976.0,"{'new': None, 'active': None, 'critical': None, 'recovered': None, '1M_pop': '201399', 'total': 17232066}","{'new': None, '1M_pop': '1194', 'total': 102174}",2024-09-28
230,Australia,26068792.0,"{'new': None, 'active': 8716, 'critical': 3, 'recovered': 11820014, '1M_pop': '454687', 'total': 11853144}","{'new': None, '1M_pop': '937', 'total': 24414}",2024-09-28
231,North-America,,"{'new': None, 'active': 2528062, 'critical': 6095, 'recovered': 127665129, '1M_pop': None, 'total': 131889132}","{'new': None, '1M_pop': None, 'total': 1695941}",2024-09-28
232,Asia,,"{'new': None, 'active': 14273512, 'critical': 14733, 'recovered': 205673091, '1M_pop': None, 'total': 221500265}","{'new': None, '1M_pop': None, 'total': 1553662}",2024-09-28
233,Europe,,"{'new': None, 'active': 2550270, 'critical': 4453, 'recovered': 248754104, '1M_pop': None, 'total': 253406198}","{'new': None, '1M_pop': None, 'total': 2101824}",2024-09-28
234,South-America,,"{'new': None, 'active': 2149962, 'critical': 8953, 'recovered': 66683585, '1M_pop': None, 'total': 70200879}","{'new': None, '1M_pop': None, 'total': 1367332}",2024-09-28
235,Oceania,,"{'new': None, 'active': 110368, 'critical': 31, 'recovered': 14752388, '1M_pop': None, 'total': 14895771}","{'new': None, '1M_pop': None, 'total': 33015}",2024-09-28
236,Africa,,"{'new': None, 'active': 511224, 'critical': 529, 'recovered': 12090808, '1M_pop': None, 'total': 12860924}","{'new': None, '1M_pop': None, 'total': 258892}",2024-09-28
237,All,,"{'new': '0', 'active': 22123398, 'critical': 34794, 'recovered': 675619811, '1M_pop': '90413', 'total': 704753890}","{'new': '0', '1M_pop': '899.4', 'total': 7010681}",2024-09-28
